Filename,No. of Incorrect Input
ExcelTask1\R_0BZacAYgUfhlJ4t_TasksPhoneNumbers.xlsm,3
ExcelTask1\R_10GaUghkZtYX2m4_TasksPhoneNumbers.xlsm,4
ExcelTask1\R_10xBrAgtZRzB3oC_TasksPhoneNumbers.xlsm,40
ExcelTask1\R_11bg0GblFTI0c2g_Copy_of_TasksPhoneNumbers.xlsm,1
ExcelTask1\R_11ZX0AMyiV6GMXI_Mturk__Task_Phone_Numbers.xlsm,39
ExcelTask1\R_12PTlZIcMMR3dKT_TasksPhoneNumbers.xlsm,4
ExcelTask1\R_1CrVs0GjgKYvXLH_TasksPhoneNumbers.xlsm,40
ExcelTask1\R_1DAbbkfcThldf77_TasksPhoneNumbers.xlsm,37
ExcelTask1\R_1db2RxGqWcJjjYe_Copy_of_TasksPhoneNumbers.xlsm,5
ExcelTask1\R_1DXVK1BODD2ghkq_TasksPhoneNumbers.xlsm,40
ExcelTask1\R_1f2EvHvSRKgEFhE_TasksPhoneNumbers.xlsm,4
ExcelTask1\R_1F2LeIkY68xSV8A_TasksPhoneNumbers.xlsm,40
ExcelTask1\R_1FfRMsSvnE8DB4L_version13arena.xlsm,40
ExcelTask1\R_1g2AlTC3RLBJkIE_TasksPhoneNumbers.xlsm,9
ExcelTask1\R_1g8fkCQyVHbryH4_TasksPhoneNumbers.xlsm,4
ExcelTask1\R_1geGXzLhUthPf4y_TasksPhoneNumbers.xlsm,40
ExcelTask1\R_1GvQF7wvI0J1LGI_Copy_of_TasksPhoneNumbers.xlsm,5
ExcelTask1\R_1hGf8OgA66u2NaE_TasksPhoneNumbers.xlsm,40
ExcelTask1\R_1Iav5JUUpVhaf2T_TasksPhoneNumbers.xlsm,40
ExcelTask1\R_1IS1QCfSEqzfkdY_TasksPhoneNumbers.xlsm,4
ExcelTask1\R_1Kfj6YGfrUOy17k_TasksPhoneNumbers.xlsm,1
ExcelTask1\R_1KqW9m2T4Tqb5b0_TasksPhoneNumbers.xlsm,40
ExcelTask1\R_1lfzWsqQrKxCtn2_TasksPhoneNumbers.xlsm,3
ExcelTask1\R_1LjkYPQe6FtHerR_TasksPhoneNumbers.xlsm,40
ExcelTask1\R_1mymkSYlGyNfjdm_TasksPhoneNumbers.xlsm,6
ExcelTask1\R_1nPnMa3bAxENGYm_TasksPhoneNumbers.xlsm,3
ExcelTask1\R_1OB868ITvVihwky_TasksPhoneNumbers1.xlsm,1
ExcelTask1\R_1oBdhOQRXzw5pfy_TasksPhoneNumbers.xlsm,40
ExcelTask1\R_1oC2k3Tv5aP7xCz_TasksPhoneNumbers.xlsm,3
ExcelTask1\R_1okjaiJLmhWm9Ei_TasksPhoneNumbers.xlsm,5
ExcelTask1\R_1oqomAdHVPjma3C_Copy_of_TasksPhoneNumbers.xlsm,4
ExcelTask1\R_1PaUi2B0SUYVhE0_TasksPhoneNumbers_parsed.xlsm,40
ExcelTask1\R_1QawGAI2jP71rnq_TasksPhoneNumbers.xlsm,40
ExcelTask1\R_1QKFE4zIm0knVGX_TasksPhoneNumbers1.xlsm,4
ExcelTask1\R_1qVPpqdxziOE9lN_TasksPhoneNumbers.xlsm,1
ExcelTask1\R_1rv20iBuJ2aGX6v_TasksPhoneNumbers.xlsm,5
ExcelTask1\R_1UlQuGi9PRgQMzn_TasksPhoneNumbers.xlsm,3
ExcelTask1\R_21bak3A5ppAJxc4_TasksPhoneNumbers.xlsm,40
ExcelTask1\R_21n5oSnA9w4rlcc_TasksPhoneNumbers.xlsm,5
ExcelTask1\R_22LKWdUqrpcHhNW_Copy_of_TasksPhoneNumbers.xlsm,40
ExcelTask1\R_22RGEJ3eXGKBsCR_TasksPhoneNumbers.xlsm,40
ExcelTask1\R_22tqUir8O7BtZSi_Copy_of_TasksPhoneNumbers.xlsm,6
ExcelTask1\R_231Z8LssVUkP8MU_TasksPhoneNumbers.xlsm,40
ExcelTask1\R_23U1a2KRqEujgWX_TasksPhoneNumbers.xlsm,40
ExcelTask1\R_23UC6zq1ufi5GyC_Copy_of_TasksPhoneNumbers.xlsm,40
ExcelTask1\R_264iq94dmLrjpFb_TasksPhoneNumbers.xlsm,4
ExcelTask1\R_269Fyy70p4JToIN_TasksPhoneNumbers.xlsm,40
ExcelTask1\R_26gvth4PtHrIZXr_TasksPhoneNumbers.xlsm,5
ExcelTask1\R_2aa79HHvLZz7c2E_TasksPhoneNumbers.xlsm,40
ExcelTask1\R_2aCXB4UeUoYVwOX_TasksPhoneNumbers.xlsm,4
ExcelTask1\R_2aQ4aBFgmKW0wSd_TasksPhoneNumbers.xlsm,4
ExcelTask1\R_2AX5jC9QR6m4ZNR_TasksPhoneNumbers.xlsm,9
ExcelTask1\R_2b12SXg1T35yknf_TasksPhoneNumbers.xlsm,4
ExcelTask1\R_2bGYWAAC1wi9UNq_TasksPhoneNumbers.xlsm,3
ExcelTask1\R_2ByMXRBMoX1ycnz_Copy_of_TasksPhoneNumbers.xlsm,40
ExcelTask1\R_2CxF6e0L5W2vumx_TasksPhoneNumbers1.xlsm,33
ExcelTask1\R_2dN5w4TlCR0GV0d_Book1.xlsm,40
ExcelTask1\R_2DZ8abGEdChsseh_TasksPhoneNumbers.xlsm,40
ExcelTask1\R_2dZvmqYmFuFfT1S_TasksPhoneNumbers.xlsm,40
ExcelTask1\R_2f9cPSILaZMPIIa_TasksPhoneNumbers.xlsm,40
ExcelTask1\R_2fkvAmhlktmPgeo_TasksPhoneNumbers.xlsm,9
ExcelTask1\R_2foZBLpU5YiVjy6_TasksPhoneNumbers.xlsm,1
ExcelTask1\R_2frk9NZtDLQa25V_TasksPhoneNumbers.xlsm,40
ExcelTask1\R_2PALVkpPhMemJRI_TasksPhoneNumbers.xlsm,32
ExcelTask1\R_2PoHbPVhzqkhlYX_Copy_of_TasksPhoneNumbers.xlsm,39
ExcelTask1\R_2pPmFg6EtnJbbZC_TasksPhoneNumbersA3N28BORDIK55A.xlsm,3
ExcelTask1\R_2PvzxluNOM9WP8p_TasksPhoneNumbers.xlsm,36
ExcelTask1\R_2PznedSFpTR8csx_TasksPhoneNumbers.xlsm,1
ExcelTask1\R_2QSAvA0fyMntEZ2_TasksPhoneNumbers.xlsm,3
ExcelTask1\R_2QXJbnVhvL3HI1B_Copy_of_TasksPhoneNumbers.xlsm,5
ExcelTask1\R_2QXTRaf17yJRI67_TasksPhoneNumbers.xlsm,4
ExcelTask1\R_2rUUkN94POj5L73_TasksPhoneNumbers.xlsm,3
ExcelTask1\R_2rvsF7SwGxIliHD_TasksPhoneNumbers.xlsm,2
ExcelTask1\R_2rYGrFIgk8mmnn0_TasksPhoneNumbers.xlsm,4
ExcelTask1\R_2S3mQvg16EbdHes_TasksPhoneNumbers.xlsm,5
ExcelTask1\R_2S9cZcunJSu22KC_TasksPhoneNumbers.xlsm,6
ExcelTask1\R_2SqoC3So8Lkv8M2_TasksPhoneNumbers_A10PFZZSONQ18A.xlsm,39
ExcelTask1\R_2t8NfQweVtuOb0v_TasksPhoneNumbers.xlsm,4
ExcelTask1\R_2t9DBTM8rSQjLQC_Copy_of_TasksPhoneNumbers.xlsm,2
ExcelTask1\R_2tyhofKxwVXrAUZ_TasksPhoneNumbers.xlsm,4
ExcelTask1\R_2UgXHmixRT59KZv_Copy_of_TasksPhoneNumbers.xlsm,4
ExcelTask1\R_2uPMmIXv4MdSviS_TasksPhoneNumbers.xlsm,40
ExcelTask1\R_2V3FtcXMCis4X8A_TasksPhoneNumbers.xlsm,37
ExcelTask1\R_2V8ZXDLOVzXVmXj_TasksPhoneNumbers.xlsm,4
ExcelTask1\R_2VpFE23ecNj770d_TasksPhoneNumbers.xlsm,1
ExcelTask1\R_2wEop9QkrZW6CAx_TasksPhoneNumbers.xlsm,11
ExcelTask1\R_2WTqAA6adFlaXWq_TPN.xlsm,3
ExcelTask1\R_2xPhLqKvdJu84a7_TasksPhoneNumbers.xlsm,4
ExcelTask1\R_2yk0EaOIM0llddf_TasksPhoneNumbers.xlsm,4
ExcelTask1\R_2YMrrHQtua6fYoB_PhoneNumbers1.xlsm,40
ExcelTask1\R_2Ys3XBqMAcOHjzk_TasksPhoneNumbers.xlsm,3
ExcelTask1\R_2YzvdsKiEuqLVs6_TasksPhoneNumbers.xlsm,3
ExcelTask1\R_2ZBxPQQuIh03i2y_TasksPhoneNumbers.xlsm,17
ExcelTask1\R_2zINfzVvJ7lCULy_TasksPhoneNumbers.xlsm,4
ExcelTask1\R_2znFawfxa8IrAEz_TasksPhoneNumbers.xlsm,40
ExcelTask1\R_2zpaZQmr1vq2aMY_TasksPhoneNumbers.xlsm,40
ExcelTask1\R_2ztHKjVqK4YCqcp_TasksPhoneNumbers.xlsm,4
ExcelTask1\R_2zVhoUYhELedukJ_TasksPhoneNumbers.xlsm,40
ExcelTask1\R_30oap1rKPl4T1GN_TasksPhoneNumbers.xlsm,40
ExcelTask1\R_30oEu0bO9GWir9l_TaskPhoneNumbers.xlsm,3
ExcelTask1\R_30uG2ZwXnT77bbn_TasksPhoneNumbers.xlsm,4
ExcelTask1\R_30vntp1NtdLAgsh_Copy_of_TasksPhoneNumbers.xlsm,3
ExcelTask1\R_31gZ0oeRbYwAZVa_TasksPhoneNumbers.xlsm,3
ExcelTask1\R_31hB9FE5vRsAG3B_TasksPhoneNumbers.xlsm,2
ExcelTask1\R_31SjjVW0Kwwet7K_macro.xlsm,40
ExcelTask1\R_31T5hrWjGxv6pjF_TasksPhoneNumbers.xlsm,39
ExcelTask1\R_33x4m3phREPXtz3_TasksPhoneNumbers.xlsm,4
ExcelTask1\R_3a7cD3b3CoDKws9_Mturktask.xlsm,40
ExcelTask1\R_3CCTyayWKgpETGx_TasksPhoneNumbers.xlsm,16
ExcelTask1\R_3CHsFpVCd5YkgB3_TasksPhoneNumbers.xlsm,40
ExcelTask1\R_3Dcm3B18ZokdSYK_TasksPhoneNumbers.xlsm,4
ExcelTask1\R_3DoPbhCpg57tHE3_TasksPhoneNumbers.xlsm,39
ExcelTask1\R_3dYTvqYTaCQ9na1_TasksPhoneNumbers.xlsm,40
ExcelTask1\R_3e2HOgWptfKDSlU_TasksPhoneNumbers.xlsm,1
ExcelTask1\R_3erj5RFqjxoqoZf_TasksPhoneNumbers.xlsm,3
ExcelTask1\R_3EuRpSYfmELXZWP_TasksPhoneNumbers.xlsm,40
ExcelTask1\R_3fCR6aPLeQdAjfJ_TasksPhoneNumbers.xlsm,2
ExcelTask1\R_3fMBGRh7VWxjLN3_Copy_of_TasksPhoneNumbers.xlsm,4
ExcelTask1\R_3fOivnF6bHP8V5z_TasksPhoneNumbers_MODIFIED.xlsm,4
ExcelTask1\R_3frC9jkmLZQS7GW_Copy_of_TasksPhoneNumbers.xlsm,40
ExcelTask1\R_3frFfBxIL8DsGOL_TaskPhoneNumbers.xlsm,4
ExcelTask1\R_3gNJ3Oda4aDS3nc_TasksPhoneNumbers.xlsm,4
ExcelTask1\R_3gT5E50pSLIt2bc_TasksPhoneNumbers.xlsm,3
ExcelTask1\R_3GwWd2QMFBQ24R9_TasksPhoneNumbers.xlsm,2
ExcelTask1\R_3iLnSYQU5zbMeyh_Copy_of_TasksPhoneNumbers.xlsm,8
ExcelTask1\R_3Jkll2UDBkqfrCX_TasksPhoneNumbers.xlsm,40
ExcelTask1\R_3k1fypmO1deGhdk_TasksPhoneNumbers.xlsm,40
ExcelTask1\R_3Kpzw3zdQOui66R_Copy_of_TasksPhoneNumbers.xlsm,1
ExcelTask1\R_3lR0ETf2zo8fGfo_Copy_of_TasksPhoneNumbers.xlsm,22
ExcelTask1\R_3m4wG0RHgWsAmzK_TasksPhoneNumbers.xlsm,6
ExcelTask1\R_3NLeHvkNcrsoIhb_TasksPhoneNumbers.xlsm,1
ExcelTask1\R_3NWnyWeUbHkGBbg_TasksPhoneNumbers.xlsm,3
ExcelTask1\R_3Oif4gUo6e2v68O_TasksPhoneNumbers.xlsm,4
ExcelTask1\R_3oNRcG6BAkrlRoj_TasksPhoneNumbers.xlsm,3
ExcelTask1\R_3OqY0fB5oxpKh3E_TasksPhoneNumbers.xlsm,40
ExcelTask1\R_3PoGdWVPpvhqzE0_TasksPhoneNumbers1.xlsm,40
ExcelTask1\R_3qKdru6CuD41C8J_TasksPhoneNumbers1.xlsm,40
ExcelTask1\R_3R2BhEPCVPeE2cl_TasksPhoneNumbers.xlsm,40
ExcelTask1\R_3rYSEBB6T4BZVQD_TasksPhoneNumbers.xlsm,3
ExcelTask1\R_3sjBGzskLIgpqEu_TasksPhoneNumbers.xlsm,1
ExcelTask1\R_4OsDi7hWwkxSZqN_TasksPhoneNumbers.xlsm,40
ExcelTask1\R_4Tq1mOOVAmIsONb_TasksPhoneNumbers.xlsm,1
ExcelTask1\R_5alV8pw8vXPBhDP_TasksPhoneNumbers.xlsm,2
ExcelTask1\R_77MUeZldQeNF3YR_TasksPhoneNumbers.xlsm,1
ExcelTask1\R_79TM6HBPHElEJCp_TasksPhoneNumbers.xlsm,1
ExcelTask1\R_82ifgig2FuGogjn_TasksPhoneNumbers.xlsm,1
ExcelTask1\R_8HMNwiGwYyvSSHf_TasksPhoneNumbers.xlsm,2
ExcelTask1\R_8jBSnOwkaUzfHH3_TasksPhoneNumbers.xlsm,9
ExcelTask1\R_9WXZh7HtmJdliPD_TasksPhoneNumbers.xlsm,4
ExcelTask1\R_aavHGFQuo1QwXKx_TasksPhoneNumbers.xlsm,40
ExcelTask1\R_AFIevdlOQXO8nPr_Book1.xlsm,40
ExcelTask1\R_aVPPyF7g506eF21_TasksPhoneNumbers.xlsm,3
ExcelTask1\R_b9E1tQc1bbm7Vmh_TasksPhoneNumbers_modified.xlsm,29
ExcelTask1\R_BEcMuhtRR8BZFiF_TasksPhoneNumbers.xlsm,39
ExcelTask1\R_eFhs3oq4QJwRsSl_Copy_of_TasksPhoneNumbers.xlsm,2
ExcelTask1\R_eqFANimg30kH9Dj_TasksPhoneNumbers.xlsm,40
ExcelTask1\R_etXbqYV3MZCsWNH_TasksPhoneNumbers.xlsm,3
ExcelTask1\R_eVfiZofa15WU8Qp_TasksPhoneNumbers.xlsm,40
ExcelTask1\R_O2oQELzTIKhBWMx_TasksPhoneNumbers.xlsm,3
ExcelTask1\R_OwHSY0a4nNhnRLz_TasksPhoneNumbers.xlsm,40
ExcelTask1\R_Rn9E1oODMgqRs1H_TasksPhoneNumbers.xlsm,40
ExcelTask1\R_s55sfDB9UkzjmCJ_TasksPhoneNumbers.xlsm,1
ExcelTask1\R_s6GA34x1r0gkgyR_TasksPhoneNumbers.xlsm,40
ExcelTask1\R_SIAxLps8IIxtN3H_TasksPhoneNumbers.xlsm,40
ExcelTask1\R_TdTgDXaGEwtgETf_Copy_of_TasksPhoneNumbers.xlsm,40
ExcelTask1\R_uk4sIyboQ3GReHn_TasksPhoneNumbers.xlsm,3
ExcelTask1\R_Usv4bjaMTUZQalz_Copy_of_TasksPhoneNumbers.xlsm,20
ExcelTask1\R_UsVFuNiJ6iWoQwx_TasksPhoneNumbers.xlsm,3
ExcelTask1\R_UuzZJ08GCzCP2yB_TasksPhoneNumbers.xlsm,40
ExcelTask1\R_VUSM9WMOqTqtTO1_Copy_of_TasksPhoneNumbers1.xlsm,3
ExcelTask1\R_WAL9AH6NUqHmf3r_TasksPhoneNumbers.xlsm,15
ExcelTask1\R_xDdSbivVgoguQVz_TasksPhoneNumbers.xlsm,40
ExcelTask1\R_XYsigvEcLvAMwtH_TasksPhoneNumbers.xlsm,1
ExcelTask1\R_yxolEkCQZ3ijbIl_Copy_of_TasksPhoneNumbers.xlsm,4
ExcelTask1\R_ZKJ1yEjU3emJS25_TasksPhoneNumbers.xlsm,3
ExcelTask1\R_ZsL9bsVxhUTGPzH_TasksPhoneNumbers.xlsm,3
